CREATE TABLE IF NOT EXISTS "__EFMigrationsHistory" (
    "MigrationId" TEXT NOT NULL CONSTRAINT "PK___EFMigrationsHistory" PRIMARY KEY,
    "ProductVersion" TEXT NOT NULL
);

BEGIN TRANSACTION;

CREATE TABLE "Admins" (
    "Username" TEXT NOT NULL CONSTRAINT "PK_Admins" PRIMARY KEY,
    "Name" TEXT NULL,
    "Email" TEXT NULL,
    "Address" TEXT NULL,
    "Phone" TEXT NULL,
    "Picture" TEXT NULL,
    "Password" TEXT NULL,
    "SessionID" TEXT NULL
);

CREATE TABLE "Users" (
    "Username" TEXT NOT NULL CONSTRAINT "PK_Users" PRIMARY KEY,
    "Name" TEXT NULL,
    "Email" TEXT NULL,
    "Address" TEXT NULL,
    "Phone" TEXT NULL,
    "Picture" BLOB NULL,
    "Password" TEXT NULL,
    "SessionID" TEXT NULL
);

CREATE TABLE "BankAccounts" (
    "AccountNumber" INTEGER NOT NULL CONSTRAINT "PK_BankAccounts" PRIMARY KEY AUTOINCREMENT,
    "AccountHolderName" TEXT NULL,
    "Balance" REAL NOT NULL,
    "UserUsername" TEXT NOT NULL,
    CONSTRAINT "FK_BankAccounts_Users_UserUsername" FOREIGN KEY ("UserUsername") REFERENCES "Users" ("Username") ON DELETE CASCADE
);

CREATE TABLE "Transactions" (
    "TransactionId" INTEGER NOT NULL CONSTRAINT "PK_Transactions" PRIMARY KEY AUTOINCREMENT,
    "FromAccountNumber" INTEGER NOT NULL,
    "ToAccountNumber" INTEGER NOT NULL,
    "Amount" REAL NOT NULL,
    "Timestamp" TEXT NOT NULL,
    "BankAccountAccountNumber" INTEGER NULL,
    "Description" TEXT NULL,
    CONSTRAINT "FK_Transactions_BankAccounts_BankAccountAccountNumber" FOREIGN KEY ("BankAccountAccountNumber") REFERENCES "BankAccounts" ("AccountNumber") ON DELETE CASCADE
);

INSERT INTO "Admins" ("Username", "Address", "Email", "Name", "Password", "Phone", "Picture", "SessionID")
VALUES ('admin', 'Sydney', 'email0@gmail.com', 'Admin User', 'adminpassword', '000-000-0000', '/resources/images/man1.jpeg', NULL);

INSERT INTO "Transactions" ("TransactionId", "Amount", "BankAccountAccountNumber", "Description", "FromAccountNumber", "Timestamp", "ToAccountNumber")
VALUES (1, 4642.0, NULL, 'Transfer of $4,642.00 from 13 to 1', 13, '2023-10-12 11:42:25.5940779', 1);
INSERT INTO "Transactions" ("TransactionId", "Amount", "BankAccountAccountNumber", "Description", "FromAccountNumber", "Timestamp", "ToAccountNumber")
VALUES (2, 2969.0, NULL, 'Transfer of $2,969.00 from 8 to 14', 8, '2023-10-12 11:42:25.5940821', 14);
INSERT INTO "Transactions" ("TransactionId", "Amount", "BankAccountAccountNumber", "Description", "FromAccountNumber", "Timestamp", "ToAccountNumber")
VALUES (3, 26.0, NULL, 'Transfer of $26.00 from 11 to 1', 11, '2023-10-12 11:42:25.5940829', 1);
INSERT INTO "Transactions" ("TransactionId", "Amount", "BankAccountAccountNumber", "Description", "FromAccountNumber", "Timestamp", "ToAccountNumber")
VALUES (4, 1841.0, NULL, 'Transfer of $1,841.00 from 4 to 5', 4, '2023-10-12 11:42:25.5940833', 5);
INSERT INTO "Transactions" ("TransactionId", "Amount", "BankAccountAccountNumber", "Description", "FromAccountNumber", "Timestamp", "ToAccountNumber")
VALUES (5, 619.0, NULL, 'Transfer of $619.00 from 13 to 8', 13, '2023-10-12 11:42:25.5940837', 8);
INSERT INTO "Transactions" ("TransactionId", "Amount", "BankAccountAccountNumber", "Description", "FromAccountNumber", "Timestamp", "ToAccountNumber")
VALUES (6, 33.0, NULL, 'Transfer of $33.00 from 11 to 4', 11, '2023-10-12 11:42:25.5940843', 4);
INSERT INTO "Transactions" ("TransactionId", "Amount", "BankAccountAccountNumber", "Description", "FromAccountNumber", "Timestamp", "ToAccountNumber")
VALUES (7, 35120.0, NULL, 'Transfer of $35,120.00 from 9 to 5', 9, '2023-10-12 11:42:25.5940846', 5);
INSERT INTO "Transactions" ("TransactionId", "Amount", "BankAccountAccountNumber", "Description", "FromAccountNumber", "Timestamp", "ToAccountNumber")
VALUES (8, 1145.0, NULL, 'Transfer of $1,145.00 from 13 to 12', 13, '2023-10-12 11:42:25.594085', 12);
INSERT INTO "Transactions" ("TransactionId", "Amount", "BankAccountAccountNumber", "Description", "FromAccountNumber", "Timestamp", "ToAccountNumber")
VALUES (9, 124.0, NULL, 'Transfer of $124.00 from 3 to 13', 3, '2023-10-12 11:42:25.5940854', 13);
INSERT INTO "Transactions" ("TransactionId", "Amount", "BankAccountAccountNumber", "Description", "FromAccountNumber", "Timestamp", "ToAccountNumber")
VALUES (10, 6652.0, NULL, 'Transfer of $6,652.00 from 9 to 11', 9, '2023-10-12 11:42:25.5940859', 11);
INSERT INTO "Transactions" ("TransactionId", "Amount", "BankAccountAccountNumber", "Description", "FromAccountNumber", "Timestamp", "ToAccountNumber")
VALUES (11, 1489.0, NULL, 'Transfer of $1,489.00 from 9 to 12', 9, '2023-10-12 11:42:25.5940863', 12);
INSERT INTO "Transactions" ("TransactionId", "Amount", "BankAccountAccountNumber", "Description", "FromAccountNumber", "Timestamp", "ToAccountNumber")
VALUES (12, 35102.0, NULL, 'Transfer of $35,102.00 from 10 to 11', 10, '2023-10-12 11:42:25.5940866', 11);
INSERT INTO "Transactions" ("TransactionId", "Amount", "BankAccountAccountNumber", "Description", "FromAccountNumber", "Timestamp", "ToAccountNumber")
VALUES (13, 11773.0, NULL, 'Transfer of $11,773.00 from 5 to 13', 5, '2023-10-12 11:42:25.594087', 13);
INSERT INTO "Transactions" ("TransactionId", "Amount", "BankAccountAccountNumber", "Description", "FromAccountNumber", "Timestamp", "ToAccountNumber")
VALUES (14, 18451.0, NULL, 'Transfer of $18,451.00 from 1 to 7', 1, '2023-10-12 11:42:25.5940874', 7);
INSERT INTO "Transactions" ("TransactionId", "Amount", "BankAccountAccountNumber", "Description", "FromAccountNumber", "Timestamp", "ToAccountNumber")
VALUES (15, 21609.0, NULL, 'Transfer of $21,609.00 from 5 to 12', 5, '2023-10-12 11:42:25.5940878', 12);

INSERT INTO "Users" ("Username", "Address", "Email", "Name", "Password", "Phone", "Picture", "SessionID")
VALUES ('afndp', '4134 Oak Ln', 'afndp@examplemail.com', 'utokyk uizhyrzh', '6242', '218-401-1010', X'89504E470D0A1A0A0000000D4948445200000008000000080806000000C40FBE8B000000017352474200AECE1CE90000000467414D410000B18F0BFC6105000000097048597300000EC300000EC301C76FA86400000113494441542853010801F7FE004CACBCFF4A2054FF5A1841FF97517AFFFD1A39FF7CEF57FF47C758FF70B8B6FF0044070BFF70448BFF999BD2FF11DAC8FF96EBB2FFB1AB49FFEDEB66FF4E7565FF00499C26FF7667C3FFF4F70EFF04639DFF85D934FF986DF1FF0E6DD2FF7AAFEFFF0051A28CFFF2FB90FF917DA8FF37E8E5FF99AE9EFF564C2CFFD21D4DFF7172B4FF003B19ACFF113725FF0312EFFF085E17FFB89F65FF3AC9C5FF8D681AFFA12F8CFF0081F8EEFFF02488FF13D188FFBCD10AFFE47CEEFF46AAFEFF02340FFF9385EDFF00E9BF7EFF08C865FF4F3904FF9D32D4FFF18B89FF66DA5EFF195962FF240383FF000DF7CAFF6E2310FF21DC32FF3F10D8FF360975FFC226A6FF556A4CFFC51BBCFF445F9BBD39440ADF0000000049454E44AE426082', NULL);
INSERT INTO "Users" ("Username", "Address", "Email", "Name", "Password", "Phone", "Picture", "SessionID")
VALUES ('bpzdr', '362 Oak Ave', 'bpzdr@examplemail.com', 'lluyaz zbfqxhjy', '7624', '877-449-9836', X'89504E470D0A1A0A0000000D4948445200000008000000080806000000C40FBE8B000000017352474200AECE1CE90000000467414D410000B18F0BFC6105000000097048597300000EC300000EC301C76FA86400000113494441542853010801F7FE00C4574EFF06E097FFE94088FF19AB50FF40B813FFFA6B66FFDD727DFF31C2BFFF009DFBE6FF4DD1A6FF65A09AFFC6FEB9FFECDCCDFF32E71FFF3BC2F0FFA3EB1AFF00EB4B4DFF45ED91FF40C3E2FFD4D43CFF2D4D01FF4FC313FF85AC19FF22555CFF00F01C9AFFE4E532FFC11EA5FFFE7777FFD0369EFF1A2D18FF3CFA8EFF6DA5A3FF00F63BCDFFA5B7B4FF74012AFF7386FAFF577824FFA195FBFF644283FF738ECAFF007445F5FFC98DC6FF17CD95FF4F80C5FF46444CFF962265FF18C971FFF7C98AFF009FC747FFA16F8AFF8735A4FFA73B17FF59AFE8FF69E139FF4A9616FFE99FF5FF003C0A9AFFF4F0C8FF0208F4FF577721FF74946AFFF3CA28FF2204E9FF95F797FF7B49A47F1630F06D0000000049454E44AE426082', NULL);
INSERT INTO "Users" ("Username", "Address", "Email", "Name", "Password", "Phone", "Picture", "SessionID")
VALUES ('btdbf', '1097 Elm Ln', 'btdbf@examplemail.com', 'rbzpgf mixaqvmh', '7663', '304-185-3095', X'89504E470D0A1A0A0000000D4948445200000008000000080806000000C40FBE8B000000017352474200AECE1CE90000000467414D410000B18F0BFC6105000000097048597300000EC300000EC301C76FA86400000113494441542853010801F7FE00A98E3BFF77B319FF68F066FF007552FF2997F2FF06B53AFF62A565FFFCC603FF0054AD8BFF412F6EFF0B6242FF708E0AFF7CB016FFE233F8FF21E025FF0D01CBFF00CA17F6FF600759FFD70103FF5CBA1BFF207EB0FF69CA56FF325723FFD15981FF00EE16C6FF6AF75CFF559B3FFF30F41FFF48F836FF0AD724FF71277AFFB8E3C9FF00392095FFBA8EB0FFEFB415FF57F753FF773FE5FFD7FEA7FFB0853DFF521BBAFF00C27770FF23CC91FFA2D94DFFF141DFFF79F0E4FFF69493FF0BB222FF90EAACFF00D04160FFF1DE60FFFC6A89FF4A1CF2FFB7AE7DFF61094BFFC6BF52FF26C86CFF008662F7FFEE277CFFDC9958FF6E0533FFB22219FF495032FF4BDCCDFF1D0062FFDADF9C1AACDB156E0000000049454E44AE426082', NULL);
INSERT INTO "Users" ("Username", "Address", "Email", "Name", "Password", "Phone", "Picture", "SessionID")
VALUES ('ifybc', '2452 Pine Ln', 'ifybc@examplemail.com', 'qlrtut ecgsqcuf', '1351', '718-217-1314', X'89504E470D0A1A0A0000000D4948445200000008000000080806000000C40FBE8B000000017352474200AECE1CE90000000467414D410000B18F0BFC6105000000097048597300000EC300000EC301C76FA86400000113494441542853010801F7FE0063AD68FF656B69FF44C8D1FF5F192AFF71F8CBFF6474E1FF772DC0FF32AAA7FF001408A9FF9ED802FF3182B1FFED957BFF5ADC87FF332DB4FF26E7D3FF9114C8FF005414D4FFF56B91FFD71089FFC0DC13FFB17ED7FF080AA4FFD5FCABFF45D44BFF00FBB077FFB3688AFF4A74D6FF8A94B8FF9ABBC5FF4D1227FF1BA0F4FF0FC70EFF00AE444AFFE26DADFF22C2B9FF50BD09FF40FC54FF855ECAFF1688E6FF9F76CBFF00C439B4FF3D8F8CFF68E2BAFF930B18FFE79AC4FF62B06EFF3DFDA6FFA64E51FF00F024F5FFDA4064FF155DC4FF5225AAFF28F62CFF48B2D4FF49F8B1FFB54AABFF0059633BFFC8F963FFFDFA6CFF46516DFF8830EAFF8902E8FFB0FE06FF0335B3FF74ABA2CEFE8900D30000000049454E44AE426082', NULL);
INSERT INTO "Users" ("Username", "Address", "Email", "Name", "Password", "Phone", "Picture", "SessionID")
VALUES ('kmkno', '2087 Maple Ave', 'kmkno@examplemail.com', 'gkfatc pkvxixse', '8670', '574-584-5469', X'89504E470D0A1A0A0000000D4948445200000008000000080806000000C40FBE8B000000017352474200AECE1CE90000000467414D410000B18F0BFC6105000000097048597300000EC300000EC301C76FA86400000113494441542853010801F7FE0012F95EFFF32F42FFAAFDCBFF1EF6C0FFEE6DE3FFC8EEE0FF9AE15BFFCA1447FF00BD2A9EFFE99C04FFABD8B2FF6CC676FFFC399DFF2DDC14FFC6BE75FF8C175AFF004BCAE4FF74D798FFE4058CFFFE3812FFC68A11FFD067B2FFC3E7E9FFDAB578FF00177CDCFF1EE8EEFFEE2145FFB838DAFF167BF5FFBECF06FFB4731BFF462A1CFF0075D28EFF64ECF6FF9E68B4FFCEA5E6FF914F7DFF5FEB40FFD9FD0AFF6E859FFF0038DCA9FFD5E3B2FFB74576FF668427FFA306D9FFFE7785FFB81B99FFADAC2AFF0017DE59FFB06C9CFF87464FFF0429A9FFFDB981FF4F5444FF378E80FF0F1DC5FF00CFAC27FF180388FF87AB6DFF67E3D3FF8975D6FF2DCF3DFFEE1BBBFFC5753DFF7287A7892BB35B240000000049454E44AE426082', NULL);
INSERT INTO "Users" ("Username", "Address", "Email", "Name", "Password", "Phone", "Picture", "SessionID")
VALUES ('mjldr', '6666 Oak Blvd', 'mjldr@examplemail.com', 'bqskun oirfqsck', '2806', '796-557-7314', X'89504E470D0A1A0A0000000D4948445200000008000000080806000000C40FBE8B000000017352474200AECE1CE90000000467414D410000B18F0BFC6105000000097048597300000EC300000EC301C76FA86400000113494441542853010801F7FE00A4D262FFD22212FF63F1F1FFD0D208FF9035F8FF41EF34FF74003DFF0125D2FF00E68052FF55E9D4FFF47475FFD37C88FF6BF007FF7EA740FFD51B55FFE012B9FF00AA9BEEFFF41359FF24355FFF093B8AFF0F1F60FF23075FFFF02C60FFDE08CFFF007B2CC3FFC18392FF7B961FFFB6DD4BFFDCFCEBFF87F872FF4EBB0CFF27CFE4FF00E81EE2FFF695FBFFABC769FFB75B99FFF44240FFB7596FFF2301E2FFABC173FF00C2F74AFF926C0BFF73AC43FFB06D8FFFFA10F9FF654E3CFFB9F746FFF826B9FF005D0246FFC512A8FF84A086FF6305AFFFFA6D9DFFBD9017FF497EB2FF31E7BEFF00CD11BAFF34C069FF808926FF74CD7DFFEB234CFF2ABCEEFF715E21FF5F6A88FF3A96A1732EE6C7E90000000049454E44AE426082', NULL);
INSERT INTO "Users" ("Username", "Address", "Email", "Name", "Password", "Phone", "Picture", "SessionID")
VALUES ('nmhkn', '7504 Pine Rd', 'nmhkn@examplemail.com', 'xuvpfj jzeuwscw', '3210', '788-286-4121', X'89504E470D0A1A0A0000000D4948445200000008000000080806000000C40FBE8B000000017352474200AECE1CE90000000467414D410000B18F0BFC6105000000097048597300000EC300000EC301C76FA86400000113494441542853010801F7FE000D2B15FF03A0D7FF623B51FF6AEE87FF029BF1FFAD8971FF65E93FFFD74A4FFF00F41462FFDB868FFF68541AFF7D807DFFBDE391FFF42BBDFF884245FF4A85FBFF00AE8BB0FF6443D4FFCF9647FF541F0DFFCB8278FF664C25FF31723DFF5F6821FF002ED91BFF860C31FFCF981AFFBF670EFF361758FF98BE55FF79C42CFFD7A25DFF00984CF8FFEAD614FFCFFAF4FF8DF8BCFF56979BFF1EDF75FFFB766FFFAEF9FDFF00DB2654FF066B1CFFE69544FF596722FF1085F3FF2C2439FF571862FF1610F6FF0014B516FFDABDB6FFE396D0FF089DF4FFE6A821FF7B19F5FFD98270FF825A36FF004A167AFF723C8CFF3F359DFF9BCA6DFFAB1CADFF013607FF4C7508FF6CAA44FFBA9F99D0B79CBD970000000049454E44AE426082', NULL);
INSERT INTO "Users" ("Username", "Address", "Email", "Name", "Password", "Phone", "Picture", "SessionID")
VALUES ('orijb', '8691 Oak Ln', 'orijb@examplemail.com', 'mdltsm plmxazyw', '7729', '715-841-7379', X'89504E470D0A1A0A0000000D4948445200000008000000080806000000C40FBE8B000000017352474200AECE1CE90000000467414D410000B18F0BFC6105000000097048597300000EC300000EC301C76FA86400000113494441542853010801F7FE001E2E5BFFCE18A2FFAAA139FFD01EE9FFC8E3EFFF6A2F42FF05255EFF817163FF00718C3BFF085A4EFF26BDEEFFDF57E6FFD664BFFFCC6440FFF3E0E9FFB70E3BFF006ADA02FF397CA5FF3E0D4AFF7C34ECFF7E9EEAFF441C5DFF84662BFFF45EFAFF00EDD9DBFF0C08CDFFCE9690FF40ED83FF044504FFBFED05FFE146C1FF75EDCFFF001D926EFFC18FE2FFD2AED8FF318604FFC76F9DFF818E09FF83F53CFF14BAD6FF0054C45BFF7B8B27FFC180A9FF2E1507FF8B4A51FF9D4C1CFFC56C30FFCAF332FF0008034BFF186C29FF1D1DA0FFB55799FF09B407FFECF46EFFEAC357FFEB3097FF0084B36BFF956F1AFF501AE7FF6D314BFFF70518FF6FDE17FF4D202AFF58A76FFFECE69A7EC822690B0000000049454E44AE426082', NULL);
INSERT INTO "Users" ("Username", "Address", "Email", "Name", "Password", "Phone", "Picture", "SessionID")
VALUES ('sjjbo', '8484 Elm Rd', 'sjjbo@examplemail.com', 'awmpwl nuqzxwux', '6305', '297-783-1272', X'89504E470D0A1A0A0000000D4948445200000008000000080806000000C40FBE8B000000017352474200AECE1CE90000000467414D410000B18F0BFC6105000000097048597300000EC300000EC301C76FA86400000113494441542853010801F7FE006B71BCFF52CBF7FF943D53FFCE3993FF7A0795FFB8E845FFE07E0FFFA37188FF00694A57FF13E5F3FF2E4E4CFF44AB9EFFA70552FFA327AAFFC32C66FFA07256FF00521DA1FF7F805AFF0E3CCCFF33A928FF964914FFA5FCB7FFD5685EFFD4EB07FF00C69B82FF86B2CDFFC617CDFF2C2427FF868D08FFF690D1FFAD6B60FF78B267FF00548D08FF722984FFCB313AFF3768F6FFF3F569FFDFBE78FFD2626DFF8E5842FF003DA347FF96375EFFFB17E6FF46EAFEFF6F3DE3FF04897AFF4029AAFF084640FF0093D8F8FFC2FA32FF207D9DFFA6EE35FF2B922DFF9EEE5DFF40F13DFF423B21FF0040B2B8FF0A9211FF216D37FF61D0F6FF9FF7C3FFBDEE66FF2E731BFFF73FFEFFB6879DDC06915D830000000049454E44AE426082', NULL);
INSERT INTO "Users" ("Username", "Address", "Email", "Name", "Password", "Phone", "Picture", "SessionID")
VALUES ('userdonald', 'Florida', 'donald@realdonald.com', 'Donald Trump', 'userpassword', '666-666-6666', NULL, 'null');
INSERT INTO "Users" ("Username", "Address", "Email", "Name", "Password", "Phone", "Picture", "SessionID")
VALUES ('userjoe', 'Washington DC', 'biden@potus.com', 'Joe Biden', 'userpassword', '777-777-7777', NULL, 'null');
INSERT INTO "Users" ("Username", "Address", "Email", "Name", "Password", "Phone", "Picture", "SessionID")
VALUES ('vmbpp', '6765 Oak Rd', 'vmbpp@examplemail.com', 'nedrrp zogqljog', '6430', '227-603-1347', X'89504E470D0A1A0A0000000D4948445200000008000000080806000000C40FBE8B000000017352474200AECE1CE90000000467414D410000B18F0BFC6105000000097048597300000EC300000EC301C76FA86400000113494441542853010801F7FE0052590AFFFCD5DFFF5EEE40FFD66BF7FF399576FF51C1FBFFBB797CFFA94315FF00BC17ABFF473026FF6B0221FFF65D0BFFF1E6BCFF5FFD15FF5E2FF3FF9AC4D8FF008C1868FF916053FF89A642FFF1FBE8FF950A82FFBEF9BEFFC41947FFB4D4EBFF0077C704FF4E8DBDFF8F9DF7FFD22C97FF99788EFFB974CFFFD0B815FF6DA77DFF003FB925FFCBAA74FFF61620FF282C41FFB5A5B2FF0EA5B8FFD05208FF03B2D2FF0012763AFF21607FFF1D35B8FF500815FF7C5A4EFFDFCE1AFF39B049FF58987CFF008BBE8CFF73C743FFD3D805FF5FEE93FFBFC684FF44E745FF5BFC6BFFFBD986FF000B02C4FF7C6A4DFF4C0BB3FFC85C87FFA99B4FFFC12381FFFB8E2AFFA28F2CFFB50DA0B3A1D18C460000000049454E44AE426082', NULL);
INSERT INTO "Users" ("Username", "Address", "Email", "Name", "Password", "Phone", "Picture", "SessionID")
VALUES ('xkiqt', '7724 Maple Ln', 'xkiqt@examplemail.com', 'bnxbcn seucdkrf', '6217', '128-219-4491', X'89504E470D0A1A0A0000000D4948445200000008000000080806000000C40FBE8B000000017352474200AECE1CE90000000467414D410000B18F0BFC6105000000097048597300000EC300000EC301C76FA86400000113494441542853010801F7FE004F7122FF866697FF0B1E8CFFA5CBF9FFA4B466FF034AC0FF757D73FFAFCBE6FF0093334FFFF4B32BFF7BEDE6FF12947CFF5B3769FFCFAF3BFF0ABBCBFF5B7871FF008DB42CFF6F10C0FF69ECF4FF299BFEFF324D11FFC3B7BDFFDB640FFFB697B0FF00A58CAFFFA877AFFF5CB44DFFB5DB10FF0F5CB0FF42971EFF834C8FFFF72D07FF00BFD606FF90C248FFDA388FFFB62E62FF4D70C0FFB16672FF2584EBFFC88437FF00243191FF9274E1FF99D5D9FF3F4C8DFFC0AACAFF86395DFFAA8778FF41D2B6FF00A705C8FF7F58EFFF12494CFFD34957FFF492A5FFE0D566FF8D5C57FFF88F89FF008FD000FFF0911BFFDDC18FFF63C701FFEB8A54FFC0E20AFF14C148FFCA2269FFDC76A20DEC8B03470000000049454E44AE426082', NULL);
INSERT INTO "Users" ("Username", "Address", "Email", "Name", "Password", "Phone", "Picture", "SessionID")
VALUES ('ydmaz', '9578 Elm Blvd', 'ydmaz@examplemail.com', 'zonlkj wqvrmegk', '6417', '249-755-4921', X'89504E470D0A1A0A0000000D4948445200000008000000080806000000C40FBE8B000000017352474200AECE1CE90000000467414D410000B18F0BFC6105000000097048597300000EC300000EC301C76FA86400000113494441542853010801F7FE002142B8FFF0E863FF8B4177FFB62E55FFB2A56BFFC58F52FF2B8701FFB2EA1FFF00B96A58FF26871FFFF1D31FFFD84B3FFFB07290FF2BB27FFF1C30EFFFE70FC9FF00B894FAFFCE58DAFF1188EFFF69E97DFF46DD6CFFAB691BFF9040C1FFE68E7BFF0053B4DFFF62D2DFFF5FAA58FF4DB079FF7CC303FF952083FF78545BFF7ACF6FFF00EA74B7FF7CD240FF56433BFFCE6C53FF6EED91FF617436FFAD2964FFAA0A78FF000C7145FF0E8DB5FF0B4E93FFC028CEFFD48150FFD11F58FFE0B3EBFF127555FF00012096FF8919C0FFAD43D9FF93F997FF68EA34FF77D060FF0FFE9DFF3E9D7FFF00EED8E4FFC18529FF05C258FF2235ACFF1E6FE4FFC4E3A0FFFDFA0DFFF63525FF850DA0DAA4B9CA640000000049454E44AE426082', NULL);

INSERT INTO "BankAccounts" ("AccountNumber", "AccountHolderName", "Balance", "UserUsername")
VALUES (1, 'Joe Biden''s Account', 2968.0, 'userjoe');
INSERT INTO "BankAccounts" ("AccountNumber", "AccountHolderName", "Balance", "UserUsername")
VALUES (2, 'Donald Trump''s Account', 8336.0, 'userdonald');
INSERT INTO "BankAccounts" ("AccountNumber", "AccountHolderName", "Balance", "UserUsername")
VALUES (3, 'mdltsm plmxazyw''s Account', 7256.5900000000001, 'orijb');
INSERT INTO "BankAccounts" ("AccountNumber", "AccountHolderName", "Balance", "UserUsername")
VALUES (4, 'nedrrp zogqljog''s Account', 453.30000000000018, 'vmbpp');
INSERT INTO "BankAccounts" ("AccountNumber", "AccountHolderName", "Balance", "UserUsername")
VALUES (5, 'awmpwl nuqzxwux''s Account', 5650.7099999999991, 'sjjbo');
INSERT INTO "BankAccounts" ("AccountNumber", "AccountHolderName", "Balance", "UserUsername")
VALUES (6, 'rbzpgf mixaqvmh''s Account', 28841.580000000002, 'btdbf');
INSERT INTO "BankAccounts" ("AccountNumber", "AccountHolderName", "Balance", "UserUsername")
VALUES (7, 'utokyk uizhyrzh''s Account', 104290.61, 'afndp');
INSERT INTO "BankAccounts" ("AccountNumber", "AccountHolderName", "Balance", "UserUsername")
VALUES (8, 'gkfatc pkvxixse''s Account', 8112.1700000000001, 'kmkno');
INSERT INTO "BankAccounts" ("AccountNumber", "AccountHolderName", "Balance", "UserUsername")
VALUES (9, 'xuvpfj jzeuwscw''s Account', 684.63999999999942, 'nmhkn');
INSERT INTO "BankAccounts" ("AccountNumber", "AccountHolderName", "Balance", "UserUsername")
VALUES (10, 'bnxbcn seucdkrf''s Account', 16863.019999999997, 'xkiqt');
INSERT INTO "BankAccounts" ("AccountNumber", "AccountHolderName", "Balance", "UserUsername")
VALUES (11, 'qlrtut ecgsqcuf''s Account', 41759.5, 'ifybc');
INSERT INTO "BankAccounts" ("AccountNumber", "AccountHolderName", "Balance", "UserUsername")
VALUES (12, 'lluyaz zbfqxhjy''s Account', 27185.369999999999, 'bpzdr');
INSERT INTO "BankAccounts" ("AccountNumber", "AccountHolderName", "Balance", "UserUsername")
VALUES (13, 'zonlkj wqvrmegk''s Account', 13692.290000000001, 'ydmaz');
INSERT INTO "BankAccounts" ("AccountNumber", "AccountHolderName", "Balance", "UserUsername")
VALUES (14, 'bqskun oirfqsck''s Account', 10033.76, 'mjldr');

CREATE INDEX "IX_BankAccounts_UserUsername" ON "BankAccounts" ("UserUsername");

CREATE INDEX "IX_Transactions_BankAccountAccountNumber" ON "Transactions" ("BankAccountAccountNumber");

INSERT INTO "__EFMigrationsHistory" ("MigrationId", "ProductVersion")
VALUES ('20231012114225_InitialCreate', '7.0.10');

COMMIT;

