CREATE TABLE IF NOT EXISTS "__EFMigrationsHistory" (
    "MigrationId" TEXT NOT NULL CONSTRAINT "PK___EFMigrationsHistory" PRIMARY KEY,
    "ProductVersion" TEXT NOT NULL
);

BEGIN TRANSACTION;

CREATE TABLE "Admins" (
    "Username" TEXT NOT NULL CONSTRAINT "PK_Admins" PRIMARY KEY,
    "Name" TEXT NULL,
    "Email" TEXT NULL,
    "Address" TEXT NULL,
    "Phone" TEXT NULL,
    "Picture" TEXT NULL,
    "Password" TEXT NULL,
    "SessionID" TEXT NULL
);

CREATE TABLE "Users" (
    "Username" TEXT NOT NULL CONSTRAINT "PK_Users" PRIMARY KEY,
    "Name" TEXT NULL,
    "Email" TEXT NULL,
    "Address" TEXT NULL,
    "Phone" TEXT NULL,
    "Picture" BLOB NULL,
    "Password" TEXT NULL,
    "SessionID" TEXT NULL
);

CREATE TABLE "BankAccounts" (
    "AccountNumber" INTEGER NOT NULL CONSTRAINT "PK_BankAccounts" PRIMARY KEY AUTOINCREMENT,
    "AccountHolderName" TEXT NULL,
    "Balance" REAL NOT NULL,
    "UserUsername" TEXT NOT NULL,
    CONSTRAINT "FK_BankAccounts_Users_UserUsername" FOREIGN KEY ("UserUsername") REFERENCES "Users" ("Username") ON DELETE CASCADE
);

CREATE TABLE "Transactions" (
    "TransactionId" INTEGER NOT NULL CONSTRAINT "PK_Transactions" PRIMARY KEY AUTOINCREMENT,
    "FromAccountNumber" INTEGER NOT NULL,
    "ToAccountNumber" INTEGER NOT NULL,
    "Amount" REAL NOT NULL,
    "Timestamp" TEXT NOT NULL,
    "BankAccountAccountNumber" INTEGER NULL,
    "Description" TEXT NULL,
    CONSTRAINT "FK_Transactions_BankAccounts_BankAccountAccountNumber" FOREIGN KEY ("BankAccountAccountNumber") REFERENCES "BankAccounts" ("AccountNumber"),
    CONSTRAINT "FK_Transactions_BankAccounts_FromAccountNumber" FOREIGN KEY ("FromAccountNumber") REFERENCES "BankAccounts" ("AccountNumber") ON DELETE RESTRICT,
    CONSTRAINT "FK_Transactions_BankAccounts_ToAccountNumber" FOREIGN KEY ("ToAccountNumber") REFERENCES "BankAccounts" ("AccountNumber") ON DELETE RESTRICT
);

INSERT INTO "Admins" ("Username", "Address", "Email", "Name", "Password", "Phone", "Picture", "SessionID")
VALUES ('admin', 'Sydney', 'email0@gmail.com', 'Admin User', 'adminpassword', '000-000-0000', '/resources/images/man1.jpeg', NULL);

INSERT INTO "Users" ("Username", "Address", "Email", "Name", "Password", "Phone", "Picture", "SessionID")
VALUES ('ivdtc', '6867 Pine Ln', 'ivdtc@examplemail.com', 'xedevl fiunpycw', '5107', '299-791-5072', X'89504E470D0A1A0A0000000D4948445200000008000000080806000000C40FBE8B000000017352474200AECE1CE90000000467414D410000B18F0BFC6105000000097048597300000EC300000EC301C76FA86400000113494441542853010801F7FE005A0C0AFF07BB31FF8630EEFF825AA5FF77C891FF1B738DFFFCD274FF0B26BAFF00AA8BA8FFDB76FCFF6154D5FF06142DFF31CBD1FFE089DBFF9533FDFF62B768FF00EA2575FF5EE1D0FF114181FFFE8595FFC009E3FF15785AFFCCFDAAFF5389E7FF00E060B2FFE15529FF9BDDD8FF291C27FFEF369BFF2F579CFFE0132EFF9D57D4FF00B47E2EFFF0FDDDFF94704AFF35E383FFF09BC4FF30D1FBFF1699F8FF0F6010FF0056CDFCFFB4D0A4FF2DDA16FFEFA554FF724C6EFFCD27C5FF400AD9FFBE2C46FF00DE4AC7FFB9F00CFF3050C0FF5B7F18FF57BF76FFB7D732FFD41A9CFF63B0DDFF00A0FEE5FF6BB6A6FF247707FF0627FEFF76275FFF6C2FAAFF0E9C4BFF4DA0A9FFD8B2A2597E49B5750000000049454E44AE426082', NULL);
INSERT INTO "Users" ("Username", "Address", "Email", "Name", "Password", "Phone", "Picture", "SessionID")
VALUES ('kcwlt', '5149 Birch Ave', 'kcwlt@examplemail.com', 'agkglj vpxajvyi', '1575', '884-860-5157', X'89504E470D0A1A0A0000000D4948445200000008000000080806000000C40FBE8B000000017352474200AECE1CE90000000467414D410000B18F0BFC6105000000097048597300000EC300000EC301C76FA86400000113494441542853010801F7FE00FBFA3DFF30FD8FFF4F90F2FF86B664FFF81251FF610017FF382362FF100D39FF000032DCFF5AF113FF5740B0FF6E4E39FF0582C7FFADB33FFFE182DCFF0A018CFF00E4994AFF5160B8FF7A6D32FFD015A2FFA1EA3DFF0E7E69FF546999FF84F583FF008B7885FF99CCA4FF7AA86FFFD57DCFFF6782B8FF7F6A1EFFF646E9FF0C69EDFF00FEC2E9FFC450C7FFFC258DFF38326CFF650B28FF7DC1C7FF86AB5BFFC7739AFF006DD3EBFFC7CCEFFFAFB9CBFFA9FEC8FF027D18FF083F74FF13CF36FFE558C6FF009646A3FF6FDB14FFA30DA8FF389162FF7A69D1FFC2E720FF35EF08FFCACDB9FF0027BBCEFFFB198DFFB5E974FF9168B0FF418A5CFF8CB263FF2AFEBBFFBA74E7FF6AFAA2A8D13EF75A0000000049454E44AE426082', NULL);
INSERT INTO "Users" ("Username", "Address", "Email", "Name", "Password", "Phone", "Picture", "SessionID")
VALUES ('mlxmy', '3947 Birch St', 'mlxmy@examplemail.com', 'whjvar cjcjlrna', '3477', '767-169-9797', X'89504E470D0A1A0A0000000D4948445200000008000000080806000000C40FBE8B000000017352474200AECE1CE90000000467414D410000B18F0BFC6105000000097048597300000EC300000EC301C76FA86400000113494441542853010801F7FE00E3DA38FF6BE28FFFFA2A6BFFFD94F1FF789596FF1BBDBFFFB9B032FF4A42EDFF00E45965FF439ABAFF7098A4FFB5D462FFCF286DFF5C5DE0FF717A12FF583969FF0033748DFFABA09FFFDCD112FF864830FFF3E439FF8A5CE4FF52D2E4FF5776CBFF007D195FFF220021FFBD6BE9FF45086BFFB414B1FF6D517DFF11A1C6FF98C73CFF00DDA0FDFF52EAECFFFCD9BCFF6686DBFFFC6BFCFF6CFE26FF28647CFFC05519FF00B48671FF61B06CFFD54DFEFFA4431CFF506170FF79907AFFF248DDFFEF808BFF00988237FF6F0D77FF1F4F85FF2DAC5BFFB01D90FF43FB82FF13BFB5FF32391BFF008DD0C0FF919EC9FF9BBD1CFFE43879FF8E1F0AFF0AC9A3FF7A92F8FFBE6E32FF4332A3372CB046280000000049454E44AE426082', NULL);
INSERT INTO "Users" ("Username", "Address", "Email", "Name", "Password", "Phone", "Picture", "SessionID")
VALUES ('olkte', '8095 Birch St', 'olkte@examplemail.com', 'sjgzvw uoddrjqr', '2960', '250-938-5584', X'89504E470D0A1A0A0000000D4948445200000008000000080806000000C40FBE8B000000017352474200AECE1CE90000000467414D410000B18F0BFC6105000000097048597300000EC300000EC301C76FA86400000113494441542853010801F7FE00A787E2FF8CD148FF071875FF38DEABFF83E68CFFD6FB62FFD322D3FF0C3673FF005995F3FF85C953FF179C9EFF1A2D7CFF9A0287FF6653C3FFCDE02EFFC23996FF005E014AFFD16C72FFA1C366FF49F258FF9D4A49FFEDFB08FFB241EAFF510489FF007B6EDCFF6DF797FF3FE746FF3AF758FF7E5A5AFFFE1670FFB17FDDFF1931ACFF00C7FD07FF5E137AFFFCD65FFF48E44EFFAB8835FF597AD9FF44F347FFD338C8FF00504203FF58FE12FFA1FD1AFF56555EFFF4E0BDFF773099FFBBA2B0FF7BD287FF00224DB8FF797451FFDCB44FFF58C5ACFF965FC0FF403E38FFF909A2FFB152A3FF0060C0BCFF344A1EFF7989A2FFF0F696FF550AE5FF896C02FF65F751FF949C06FFE21DA0BD074A46F20000000049454E44AE426082', NULL);
INSERT INTO "Users" ("Username", "Address", "Email", "Name", "Password", "Phone", "Picture", "SessionID")
VALUES ('pckao', '4979 Maple Ln', 'pckao@examplemail.com', 'tdpvlh ktdejsfm', '4368', '878-448-9096', X'89504E470D0A1A0A0000000D4948445200000008000000080806000000C40FBE8B000000017352474200AECE1CE90000000467414D410000B18F0BFC6105000000097048597300000EC300000EC301C76FA86400000113494441542853010801F7FE0039D521FF40FDE0FFF1122EFF734CBFFF1494DAFFB8A18BFFE7637BFFCC2875FF00DACD3FFF9C927AFFA79B5CFF9979FEFFEDCB3DFF7274BAFFD20DC2FF907ED8FF008FC508FF62F63FFFD4E079FF94CCD8FFFD4583FFB0F8B7FFC05181FFCFFE33FF000F2A08FFEC0866FF58318AFFE8E77BFF33120EFF749E96FF9C5521FF71D550FF0050E441FF39D1ACFFE1B73BFF1A5C23FF688BBDFF38DE76FF3A1048FFB2AB07FF008C76B1FF10B4BDFF967DD1FFE1C873FF3B7BACFF0EAA27FF1A954FFFC7861FFF00003EA2FF7F23A2FF9ABA56FF37E767FFBF0182FF36547BFF27605CFF6BD4A6FF00D8611EFF8BA0AFFFC1E947FF025DA6FFB61528FFFE992FFF74075AFF677D07FF8FB19EFBFAA7D50A0000000049454E44AE426082', NULL);
INSERT INTO "Users" ("Username", "Address", "Email", "Name", "Password", "Phone", "Picture", "SessionID")
VALUES ('phqbt', '4707 Maple Ln', 'phqbt@examplemail.com', 'dkpfqe wlyyhlfh', '8319', '123-476-1986', X'89504E470D0A1A0A0000000D4948445200000008000000080806000000C40FBE8B000000017352474200AECE1CE90000000467414D410000B18F0BFC6105000000097048597300000EC300000EC301C76FA86400000113494441542853010801F7FE004E87C6FF531C9CFF0489A9FFBDDBB4FFAF17A3FF33C43DFF1EC631FF368BF4FF0048CF94FF8C9A9EFF98F010FFB2D20CFF72CFA8FF38A6B4FF06F9F9FF374DBAFF00BBD309FFF99708FF3CE351FFC5D235FFA9BBA5FF431922FF60E6CAFF11DF67FF0013782BFFF89566FF67145BFFB097E2FFC69BC2FFF8681BFFBE36CCFF7C18E0FF00E85C8CFF1A8FA7FF43F3BAFFDB6265FF97269AFF4D5FB3FFC578E3FF34CCE7FF0098B4D7FF103C16FF94B835FFBF4DEBFFAAC1E5FF3812EEFF85671DFFDACE36FF00FD5B09FF1C56EBFFC8CC79FF8998A8FF988B15FF7FD3B5FF3DB68BFFA69080FF00F64766FF3C0762FF0157E5FF045FCDFFDF4E40FFAADA77FF3112F0FF20B252FF2C4DA2C16019B8730000000049454E44AE426082', NULL);
INSERT INTO "Users" ("Username", "Address", "Email", "Name", "Password", "Phone", "Picture", "SessionID")
VALUES ('ptqsr', '9537 Pine Ln', 'ptqsr@examplemail.com', 'ywqzlk bhufscrh', '6188', '309-237-1725', X'89504E470D0A1A0A0000000D4948445200000008000000080806000000C40FBE8B000000017352474200AECE1CE90000000467414D410000B18F0BFC6105000000097048597300000EC300000EC301C76FA86400000113494441542853010801F7FE004A0522FFEED2A1FF0D2575FFEBA60CFF568E3AFF3A2135FF7DC604FF559730FF000D1215FFF9DDA9FF0B83CEFF4F9E44FF4B5C0CFF2EA183FF4DB1E1FF1505C8FF0072867BFFA5BB8DFF0987E5FF50E1F3FFAA9C02FFE030FEFF005ED6FF540AB9FF00708A6CFF8255D7FF4863B7FF09094AFF4C142AFF68C1AEFF6EDF6BFF329F4FFF0058E883FFCE175EFF1A62A8FF43EEF4FF125512FFED7035FF6C954AFF0D9BB4FF002EEB33FFCECC37FFFC8FD6FF83DC03FFA0602DFFE9E429FF7D74C1FF27310DFF00E440AEFF206A5BFFC9DEA7FF377826FFB04941FFCC992DFF97B1AAFF0C0238FF001FA120FF59E9B8FFE6C910FFE4146DFF247C28FFCDB32DFF516AA7FFD72A4DFF94E496AFB815F7560000000049454E44AE426082', NULL);
INSERT INTO "Users" ("Username", "Address", "Email", "Name", "Password", "Phone", "Picture", "SessionID")
VALUES ('tdxwu', '4237 Maple St', 'tdxwu@examplemail.com', 'cfoczo rznmekyc', '5250', '530-794-1683', X'89504E470D0A1A0A0000000D4948445200000008000000080806000000C40FBE8B000000017352474200AECE1CE90000000467414D410000B18F0BFC6105000000097048597300000EC300000EC301C76FA86400000113494441542853010801F7FE006CA85FFF206825FF558060FF87DFFDFF93723AFF03DF96FF6C5563FF8ECD12FF00C97356FF86EA2CFF17030AFF5F6377FF22CB9CFFED7FB9FFD4B911FF7CFC3FFF001AF4FAFF5634D4FF020F1FFF94D85CFF8A5CDDFF5B9E39FFBED4DCFF750847FF00D6F45AFF9769A4FFCF9974FFB69597FF7B8EF5FF9FE619FF4E8F14FFF498F6FF0027F4CDFF485114FFDE8234FF3A2A9EFF5B389EFF52DC67FF32EDC4FFEE61C8FF005316F1FFF77FB8FFF0EBE2FF56FD17FF0FC7D9FF45F2DFFFC10949FF2FEAAAFF00427B61FFA7939BFF9BAEB9FF95455FFF09B63DFFCFC3D3FF831BA2FFD944FBFF004A2501FF4B7843FFFDCA50FFD0AD59FF6299C0FFE2F92DFFFCB47DFFB48682FFBFABA494066CF12A0000000049454E44AE426082', NULL);
INSERT INTO "Users" ("Username", "Address", "Email", "Name", "Password", "Phone", "Picture", "SessionID")
VALUES ('uabto', '714 Elm Rd', 'uabto@examplemail.com', 'afbllc aathvwgf', '8950', '406-291-8506', X'89504E470D0A1A0A0000000D4948445200000008000000080806000000C40FBE8B000000017352474200AECE1CE90000000467414D410000B18F0BFC6105000000097048597300000EC300000EC301C76FA86400000113494441542853010801F7FE00B4E414FF3C89AFFF19AF2FFF835731FF811F59FFF484BCFF8F144BFFC492E5FF005BAC08FFE6D394FFDB58F6FF5797F4FF45CDA0FF416BA8FF62827CFF2E4F7DFF00CC4AB8FF64A088FF24B1FDFF273CA3FFBB6E67FF48C213FF7A7C3AFF676782FF00AEC4C8FFF98B7CFF22630FFF3F2F2CFF81C6FDFFAB2177FFF6D31EFF2AA1EAFF009CE6B1FF8BEA91FF9907E3FF462AE8FF9047F8FF42CA4CFF47552EFF150284FF000045C1FF14C00AFF1A7E6EFF9411DBFF6805E3FF2BC1EAFFE4C24DFF15A94BFF007A4C47FF968F5CFF5DFDFEFF20F165FFF59B96FFF09A05FFD564C4FF5E4CFDFF00D5882BFF8BBF04FF6AE7C1FF786A8CFF735447FF491981FF8AFD41FF49D643FFFE349F3CD2530FF70000000049454E44AE426082', NULL);
INSERT INTO "Users" ("Username", "Address", "Email", "Name", "Password", "Phone", "Picture", "SessionID")
VALUES ('uhwga', '6535 Birch Ln', 'uhwga@examplemail.com', 'hdlizy wahjsslu', '8626', '334-674-7961', X'89504E470D0A1A0A0000000D4948445200000008000000080806000000C40FBE8B000000017352474200AECE1CE90000000467414D410000B18F0BFC6105000000097048597300000EC300000EC301C76FA86400000113494441542853010801F7FE00B5C71DFFC24DF2FFE012A6FF75DD9BFF8590D5FF7A9315FF60168FFF9C2454FF0078516AFF1DD63BFFF2F56BFF1559C4FF59363AFFEEFD88FFF27A2EFFF8E3B8FF00896991FF918CE7FF281E9AFFF45CF8FFA59EE1FFD54BDDFF485B41FF4ED474FF00659741FF396A9AFF695225FFDCD9EFFF069B99FF75A861FFD28079FFA3245BFF00EE2336FFD7D99CFFF96EC9FF79ABF0FF9614BBFF051523FF89EDBBFFB86E82FF003F75A4FF011392FF3D09B3FFE363E7FFFD8580FFAC2FCCFF089F4AFF87A61DFF00100AA9FF624FAEFF37065EFFDCC85FFF073502FF407224FFCA5C41FF0B08A9FF00EAFE65FF8EC9DBFF31F591FF119AFCFFEB82F4FFDCA1A1FF064392FFCAC871FF06DEA1CB8EA163B00000000049454E44AE426082', NULL);
INSERT INTO "Users" ("Username", "Address", "Email", "Name", "Password", "Phone", "Picture", "SessionID")
VALUES ('userdonald', 'Florida', 'donald@realdonald.com', 'Donald Trump', 'userpassword', '666-666-6666', NULL, 'null');
INSERT INTO "Users" ("Username", "Address", "Email", "Name", "Password", "Phone", "Picture", "SessionID")
VALUES ('userjoe', 'Washington DC', 'biden@potus.com', 'Joe Biden', 'userpassword', '777-777-7777', NULL, 'null');
INSERT INTO "Users" ("Username", "Address", "Email", "Name", "Password", "Phone", "Picture", "SessionID")
VALUES ('yokkw', '8256 Oak Ave', 'yokkw@examplemail.com', 'lfnqia ljxyrusf', '3710', '224-305-9688', X'89504E470D0A1A0A0000000D4948445200000008000000080806000000C40FBE8B000000017352474200AECE1CE90000000467414D410000B18F0BFC6105000000097048597300000EC300000EC301C76FA86400000113494441542853010801F7FE000435A7FFDCB450FF9E17C0FFD0DE00FF05B45FFF672FF3FF14F5B2FF7B0077FF0011125EFF0E1B34FF496E9BFF67FA53FF7BF5B6FFB9E570FFFCC1BFFFB3A059FF00F14DBCFF75C026FF107C0AFFC3A006FF41477DFF558EA9FF52E109FF674010FF001C6444FF9B3D3FFF27AC0FFFBC337DFF648DB8FFB657F9FF57377CFF62FDA4FF00299EB0FF4D38ACFFA72122FF2B26A7FF518B45FF7B6A0DFFAE414DFFD8A155FF001B3E26FF6D37B2FF5F7635FF452DC2FF5AAA62FF410D47FF355928FF08D632FF0029DB08FF7E077CFF8706A7FF59DEAEFF8CA759FF1986D3FF1C26B1FFB31C4EFF005A3B35FF1D7476FFDF0985FF09B95AFF4004CCFF0FBD19FFD49BCCFFB637A5FF406091BA6071D41D0000000049454E44AE426082', NULL);
INSERT INTO "Users" ("Username", "Address", "Email", "Name", "Password", "Phone", "Picture", "SessionID")
VALUES ('zmhzj', '8537 Birch Ln', 'zmhzj@examplemail.com', 'kqkitn hkpajguu', '1375', '435-959-2799', X'89504E470D0A1A0A0000000D4948445200000008000000080806000000C40FBE8B000000017352474200AECE1CE90000000467414D410000B18F0BFC6105000000097048597300000EC300000EC301C76FA86400000113494441542853010801F7FE009ED466FF2977D6FF5944E5FF6065E4FF64F67DFFA6E167FFE95764FF4C0E4DFF00AD1792FF14B327FF0DAC75FF45BC7CFF86A591FF8674E4FF57052BFFF35CB8FF00146B38FF02F68EFFF151D6FF6B25CBFFF178F3FF8D67FAFF40A824FF7CDD2EFF0058E98DFF537B29FFB93A71FF71AE0BFFEC3357FFC3B37BFFB1A484FFC59388FF00343BB9FF21C70CFF814175FFE951E6FF63C553FFE9D3BBFFC36D38FFD6F844FF00874835FFE43B6AFF912964FF854ADFFFADAF83FF47B9B2FF2B9737FFB50CC0FF00CA62DCFFEFAE75FFDF5031FFFE7185FF5F0FBFFF15BF3AFFE60D10FFD2667EFF001BA757FFBBE81DFF83ADD5FFEC2142FFD0E91DFFAAA400FFE777E1FFC6A541FFD625A24237A99FD40000000049454E44AE426082', NULL);

INSERT INTO "BankAccounts" ("AccountNumber", "AccountHolderName", "Balance", "UserUsername")
VALUES (1, 'Joe Biden''s Account', 19743.0, 'userjoe');
INSERT INTO "BankAccounts" ("AccountNumber", "AccountHolderName", "Balance", "UserUsername")
VALUES (2, 'Donald Trump''s Account', 49515.0, 'userdonald');
INSERT INTO "BankAccounts" ("AccountNumber", "AccountHolderName", "Balance", "UserUsername")
VALUES (3, 'ywqzlk bhufscrh''s Account', 20012.010000000002, 'ptqsr');
INSERT INTO "BankAccounts" ("AccountNumber", "AccountHolderName", "Balance", "UserUsername")
VALUES (4, 'afbllc aathvwgf''s Account', 17349.689999999999, 'uabto');
INSERT INTO "BankAccounts" ("AccountNumber", "AccountHolderName", "Balance", "UserUsername")
VALUES (5, 'sjgzvw uoddrjqr''s Account', 4934.9599999999991, 'olkte');
INSERT INTO "BankAccounts" ("AccountNumber", "AccountHolderName", "Balance", "UserUsername")
VALUES (6, 'lfnqia ljxyrusf''s Account', 9086.2799999999988, 'yokkw');
INSERT INTO "BankAccounts" ("AccountNumber", "AccountHolderName", "Balance", "UserUsername")
VALUES (7, 'whjvar cjcjlrna''s Account', 1520.6100000000001, 'mlxmy');
INSERT INTO "BankAccounts" ("AccountNumber", "AccountHolderName", "Balance", "UserUsername")
VALUES (8, 'xedevl fiunpycw''s Account', 2649.71, 'ivdtc');
INSERT INTO "BankAccounts" ("AccountNumber", "AccountHolderName", "Balance", "UserUsername")
VALUES (9, 'cfoczo rznmekyc''s Account', 110.28999999999996, 'tdxwu');
INSERT INTO "BankAccounts" ("AccountNumber", "AccountHolderName", "Balance", "UserUsername")
VALUES (10, 'dkpfqe wlyyhlfh''s Account', 111695.31, 'phqbt');
INSERT INTO "BankAccounts" ("AccountNumber", "AccountHolderName", "Balance", "UserUsername")
VALUES (11, 'tdpvlh ktdejsfm''s Account', 1179.2600000000002, 'pckao');
INSERT INTO "BankAccounts" ("AccountNumber", "AccountHolderName", "Balance", "UserUsername")
VALUES (12, 'agkglj vpxajvyi''s Account', 700.48999999999978, 'kcwlt');
INSERT INTO "BankAccounts" ("AccountNumber", "AccountHolderName", "Balance", "UserUsername")
VALUES (13, 'kqkitn hkpajguu''s Account', 16611.650000000001, 'zmhzj');
INSERT INTO "BankAccounts" ("AccountNumber", "AccountHolderName", "Balance", "UserUsername")
VALUES (14, 'hdlizy wahjsslu''s Account', 21.210000000000036, 'uhwga');

INSERT INTO "Transactions" ("TransactionId", "Amount", "BankAccountAccountNumber", "Description", "FromAccountNumber", "Timestamp", "ToAccountNumber")
VALUES (1, 1097.0, NULL, 'Transfer of $1,097.00 from 12 to 7', 12, '2023-10-13 06:46:19.4290197', 7);
INSERT INTO "Transactions" ("TransactionId", "Amount", "BankAccountAccountNumber", "Description", "FromAccountNumber", "Timestamp", "ToAccountNumber")
VALUES (2, 580.0, NULL, 'Transfer of $580.00 from 12 to 13', 12, '2023-10-13 06:46:19.4290241', 13);
INSERT INTO "Transactions" ("TransactionId", "Amount", "BankAccountAccountNumber", "Description", "FromAccountNumber", "Timestamp", "ToAccountNumber")
VALUES (3, 354.0, NULL, 'Transfer of $354.00 from 9 to 3', 9, '2023-10-13 06:46:19.4290248', 3);
INSERT INTO "Transactions" ("TransactionId", "Amount", "BankAccountAccountNumber", "Description", "FromAccountNumber", "Timestamp", "ToAccountNumber")
VALUES (4, 200.0, NULL, 'Transfer of $200.00 from 14 to 12', 14, '2023-10-13 06:46:19.4290252', 12);
INSERT INTO "Transactions" ("TransactionId", "Amount", "BankAccountAccountNumber", "Description", "FromAccountNumber", "Timestamp", "ToAccountNumber")
VALUES (5, 4156.0, NULL, 'Transfer of $4,156.00 from 10 to 9', 10, '2023-10-13 06:46:19.4290254', 9);
INSERT INTO "Transactions" ("TransactionId", "Amount", "BankAccountAccountNumber", "Description", "FromAccountNumber", "Timestamp", "ToAccountNumber")
VALUES (6, 32678.0, NULL, 'Transfer of $32,678.00 from 6 to 10', 6, '2023-10-13 06:46:19.4290258', 10);
INSERT INTO "Transactions" ("TransactionId", "Amount", "BankAccountAccountNumber", "Description", "FromAccountNumber", "Timestamp", "ToAccountNumber")
VALUES (7, 2165.0, NULL, 'Transfer of $2,165.00 from 9 to 2', 9, '2023-10-13 06:46:19.4290261', 2);
INSERT INTO "Transactions" ("TransactionId", "Amount", "BankAccountAccountNumber", "Description", "FromAccountNumber", "Timestamp", "ToAccountNumber")
VALUES (8, 5429.0, NULL, 'Transfer of $5,429.00 from 5 to 6', 5, '2023-10-13 06:46:19.4290264', 6);
INSERT INTO "Transactions" ("TransactionId", "Amount", "BankAccountAccountNumber", "Description", "FromAccountNumber", "Timestamp", "ToAccountNumber")
VALUES (9, 42524.0, NULL, 'Transfer of $42,524.00 from 6 to 10', 6, '2023-10-13 06:46:19.4290266', 10);
INSERT INTO "Transactions" ("TransactionId", "Amount", "BankAccountAccountNumber", "Description", "FromAccountNumber", "Timestamp", "ToAccountNumber")
VALUES (10, 9181.0, NULL, 'Transfer of $9,181.00 from 11 to 10', 11, '2023-10-13 06:46:19.4290269', 10);
INSERT INTO "Transactions" ("TransactionId", "Amount", "BankAccountAccountNumber", "Description", "FromAccountNumber", "Timestamp", "ToAccountNumber")
VALUES (11, 4353.0, NULL, 'Transfer of $4,353.00 from 6 to 10', 6, '2023-10-13 06:46:19.4290272', 10);
INSERT INTO "Transactions" ("TransactionId", "Amount", "BankAccountAccountNumber", "Description", "FromAccountNumber", "Timestamp", "ToAccountNumber")
VALUES (12, 3.0, NULL, 'Transfer of $3.00 from 14 to 10', 14, '2023-10-13 06:46:19.4290274', 10);
INSERT INTO "Transactions" ("TransactionId", "Amount", "BankAccountAccountNumber", "Description", "FromAccountNumber", "Timestamp", "ToAccountNumber")
VALUES (13, 2768.0, NULL, 'Transfer of $2,768.00 from 9 to 1', 9, '2023-10-13 06:46:19.4290276', 1);
INSERT INTO "Transactions" ("TransactionId", "Amount", "BankAccountAccountNumber", "Description", "FromAccountNumber", "Timestamp", "ToAccountNumber")
VALUES (14, 15450.0, NULL, 'Transfer of $15,450.00 from 3 to 13', 3, '2023-10-13 06:46:19.4290278', 13);
INSERT INTO "Transactions" ("TransactionId", "Amount", "BankAccountAccountNumber", "Description", "FromAccountNumber", "Timestamp", "ToAccountNumber")
VALUES (15, 43.0, NULL, 'Transfer of $43.00 from 9 to 12', 9, '2023-10-13 06:46:19.4290281', 12);

CREATE INDEX "IX_BankAccounts_UserUsername" ON "BankAccounts" ("UserUsername");

CREATE INDEX "IX_Transactions_BankAccountAccountNumber" ON "Transactions" ("BankAccountAccountNumber");

CREATE INDEX "IX_Transactions_FromAccountNumber" ON "Transactions" ("FromAccountNumber");

CREATE INDEX "IX_Transactions_ToAccountNumber" ON "Transactions" ("ToAccountNumber");

INSERT INTO "__EFMigrationsHistory" ("MigrationId", "ProductVersion")
VALUES ('20231013064619_InitialCreate', '7.0.10');

COMMIT;

